id,firstname,lastname,email,age,salary,mobile,mobile2
100,Ericka,Schalles,Ericka.Schalles@yopmail.com,45,27556,9660926523,36610266699
101,Lory,Bollay,Lory.Bollay@yopmail.com,22,27235,57916556351,76916605364
102,Ernesta,Ambrosia,Ernesta.Ambrosia@yopmail.com,40,35107,99152035706,31426310741
103,Micheline,Tyson,Micheline.Tyson@yopmail.com,76,42118,79798434344,82770230963
104,Dianemarie,Peg,Dianemarie.Peg@yopmail.com,23,41035,20300571313,53322760344
105,Nannie,Bakerman,Nannie.Bakerman@yopmail.com,25,41094,25646001478,68766138056
106,Clarice,Kronfeld,Clarice.Kronfeld@yopmail.com,76,40679,19005053263,88034126804
107,Mureil,Telfer,Mureil.Telfer@yopmail.com,89,49649,93704049369,23171737996
108,Misha,Ursulette,Misha.Ursulette@yopmail.com,60,28153,62391411648,30794176745
109,Lisette,Ogren,Lisette.Ogren@yopmail.com,54,32421,50502735708,98716270670
110,Edith,Emmaline,Edith.Emmaline@yopmail.com,33,23314,60173519262,25844641666
111,Fred,Albertine,Fred.Albertine@yopmail.com,43,33260,18640147615,93879279473
112,Shell,Noelyn,Shell.Noelyn@yopmail.com,53,41876,84613315343,10190428489
113,Collen,Maribeth,Collen.Maribeth@yopmail.com,36,24629,9437537073,30238413204
114,Kimmy,Libna,Kimmy.Libna@yopmail.com,38,45822,62531384055,55080732845
115,Charissa,Wind,Charissa.Wind@yopmail.com,25,29553,65113632797,8772257062
116,Xylina,Erb,Xylina.Erb@yopmail.com,78,37861,50292390462,77084592404
117,Shaylyn,Kronfeld,Shaylyn.Kronfeld@yopmail.com,58,26641,19549973296,56646920852
118,Giustina,Dawkins,Giustina.Dawkins@yopmail.com,65,37677,99572291180,28271493065
119,Florencia,Louanna,Florencia.Louanna@yopmail.com,24,47319,12760248620,11811822150
120,Daphne,Means,Daphne.Means@yopmail.com,20,33244,37193473683,62036976521
121,Dale,Elephus,Dale.Elephus@yopmail.com,56,28147,72699119464,63724438938
122,Taffy,Madaih,Taffy.Madaih@yopmail.com,23,36655,97864230315,22793700873
123,Violet,Nedrud,Violet.Nedrud@yopmail.com,29,35778,67178001162,80282904209
124,Queenie,Brodench,Queenie.Brodench@yopmail.com,23,23301,44251464252,12417713873
125,Susette,Pernick,Susette.Pernick@yopmail.com,70,36012,16942021266,95608221979
126,Merle,Vharat,Merle.Vharat@yopmail.com,53,30747,41330555892,23857961118
127,Lilith,Wyn,Lilith.Wyn@yopmail.com,46,25863,96430461682,90990160532
128,Kenna,Sadowski,Kenna.Sadowski@yopmail.com,78,33433,33168674583,87837401424
129,Allis,Eachern,Allis.Eachern@yopmail.com,44,33105,87666334404,49300748015
130,Collen,Vernier,Collen.Vernier@yopmail.com,30,22997,69764491911,80261710682
131,Claudina,Richers,Claudina.Richers@yopmail.com,28,24418,61612739663,92037349235
132,Nonnah,Rogerio,Nonnah.Rogerio@yopmail.com,43,38977,85911323600,71932226679
133,Rochette,Gino,Rochette.Gino@yopmail.com,78,44033,42561739701,95365615109
134,Joane,Valerio,Joane.Valerio@yopmail.com,70,49151,80664790818,24538467693
135,Asia,Kathie,Asia.Kathie@yopmail.com,54,49361,45488073203,89127518351
136,Lorne,Darian,Lorne.Darian@yopmail.com,84,30694,8023455808,81324636267
137,Marcelline,Urias,Marcelline.Urias@yopmail.com,32,33216,38262198919,99716823933
138,Gale,Love,Gale.Love@yopmail.com,25,39614,87871931497,20111285665
139,Georgetta,Kylander,Georgetta.Kylander@yopmail.com,31,43879,20038807720,65283083215
140,Florencia,Gabrielli,Florencia.Gabrielli@yopmail.com,49,25834,90380837356,68551117510
141,Wilma,Nunci,Wilma.Nunci@yopmail.com,59,26758,49987913628,43312697526
142,Melanie,Rosalba,Melanie.Rosalba@yopmail.com,79,26065,34315583408,17529572328
143,Nannie,Rillings,Nannie.Rillings@yopmail.com,39,40959,97673417571,64701044692
144,Ilse,Adamsen,Ilse.Adamsen@yopmail.com,62,33518,54207713490,8664055703
145,Brynna,Izaak,Brynna.Izaak@yopmail.com,56,28269,18757854952,91419797952
146,Christian,Gregrory,Christian.Gregrory@yopmail.com,53,42475,24041923293,43216874024
147,Sandie,Nisbet,Sandie.Nisbet@yopmail.com,57,24075,32985170937,44138694448
148,Malina,Olympium,Malina.Olympium@yopmail.com,81,36454,68350453047,98872027086
149,Heida,Malanie,Heida.Malanie@yopmail.com,60,39702,34620098353,60137609643
150,Teddie,Naashom,Teddie.Naashom@yopmail.com,35,32166,85659604574,64373412204
151,Halette,Pacorro,Halette.Pacorro@yopmail.com,18,33954,98338675447,10622517828
152,Beth,Vastah,Beth.Vastah@yopmail.com,36,38115,58377660098,67980361864
153,Hayley,Breed,Hayley.Breed@yopmail.com,30,41718,24184002036,27133227109
154,Cam,Diann,Cam.Diann@yopmail.com,30,47808,38585003501,40474697736
155,Janeczka,Therine,Janeczka.Therine@yopmail.com,69,21143,78616501607,56947145580
156,Riannon,Annice,Riannon.Annice@yopmail.com,61,47843,41958734837,15289151696
157,Gabi,Rossner,Gabi.Rossner@yopmail.com,24,46589,41289485552,98360190017
158,Marcy,Aprile,Marcy.Aprile@yopmail.com,89,22360,83818882034,65463932521
159,Nessie,Celestine,Nessie.Celestine@yopmail.com,55,22833,47307484478,55644012798
160,Raf,Malina,Raf.Malina@yopmail.com,89,35027,28344907483,38371354205
161,Lucy,Rheingold,Lucy.Rheingold@yopmail.com,86,43668,62964399626,93519742477
162,Kaja,Lauraine,Kaja.Lauraine@yopmail.com,19,32558,63318853839,48933737173
163,Susette,Audly,Susette.Audly@yopmail.com,54,36585,82157074598,37134008259
164,Taffy,Hunfredo,Taffy.Hunfredo@yopmail.com,21,23539,13838549775,87519328109
165,Marleah,Gombach,Marleah.Gombach@yopmail.com,71,40259,59804425133,94399645990
166,Gui,Georas,Gui.Georas@yopmail.com,40,48787,35479399265,96648147173
167,Caritta,Latini,Caritta.Latini@yopmail.com,50,21158,84976371093,83676920029
168,Aurelie,Dreda,Aurelie.Dreda@yopmail.com,87,23897,65641943406,19891186900
169,Sharlene,Mandler,Sharlene.Mandler@yopmail.com,49,40009,53766131335,28980192908
170,Nananne,Freddi,Nananne.Freddi@yopmail.com,79,27254,77957563575,76527456721
171,Tani,Westphal,Tani.Westphal@yopmail.com,46,47643,98772286570,34920741648
172,Katuscha,Stelle,Katuscha.Stelle@yopmail.com,66,41579,39853955643,9961415604
173,Sheree,Kannry,Sheree.Kannry@yopmail.com,30,39721,14703685791,10816442965
174,Loree,Kamaria,Loree.Kamaria@yopmail.com,75,31973,40091941360,41205089518
175,Katleen,Sigfrid,Katleen.Sigfrid@yopmail.com,33,21726,19312483541,65938050699
176,Jacquetta,Imelida,Jacquetta.Imelida@yopmail.com,25,20308,34616587353,65490917368
177,Lolita,Sadowski,Lolita.Sadowski@yopmail.com,88,38511,48931637725,8685079754
178,Corene,Persse,Corene.Persse@yopmail.com,59,35831,20658001825,98405814932
179,Keelia,Ammann,Keelia.Ammann@yopmail.com,28,23214,65464659410,68293109021
180,Kore,Dosia,Kore.Dosia@yopmail.com,59,24265,17226923366,72592441939
181,Eolanda,Brandice,Eolanda.Brandice@yopmail.com,23,46470,33271666196,27160315605
182,Wileen,Rogerio,Wileen.Rogerio@yopmail.com,66,45588,65255668921,17581853194
183,Correy,Eiser,Correy.Eiser@yopmail.com,35,24166,82418918588,41924358405
184,Sue,Tillford,Sue.Tillford@yopmail.com,76,30216,41858227524,30214099760
185,Dolli,Bertold,Dolli.Bertold@yopmail.com,63,27531,87093189095,29945022814
186,Ethel,Garrison,Ethel.Garrison@yopmail.com,52,33503,28213014576,72409402991
187,Glynnis,Teryn,Glynnis.Teryn@yopmail.com,55,43263,48077574709,78811082223
188,Melisent,Stacy,Melisent.Stacy@yopmail.com,62,27270,83543047026,58512689440
189,Nannie,Ariella,Nannie.Ariella@yopmail.com,73,47541,78795020654,13132654679
190,Karly,Woodberry,Karly.Woodberry@yopmail.com,54,29369,89033865991,81975891554
191,Rhoda,Winnick,Rhoda.Winnick@yopmail.com,51,47058,70692778418,76611418792
192,Alexine,Adore,Alexine.Adore@yopmail.com,44,48832,87180085030,36642744614
193,Daune,Waite,Daune.Waite@yopmail.com,25,31050,74608721633,40948042847
194,Blake,Morgun,Blake.Morgun@yopmail.com,48,40599,88718469336,20333274743
195,Tracey,Eldrid,Tracey.Eldrid@yopmail.com,69,48795,15466357247,65197374987
196,Ann-Marie,Pyle,Ann-Marie.Pyle@yopmail.com,23,48713,21194065452,58093136862
197,Janeczka,Pierette,Janeczka.Pierette@yopmail.com,50,46493,90650979746,31324864092
198,Hildegaard,Yorick,Hildegaard.Yorick@yopmail.com,78,26389,37364842816,67380530563
199,Micheline,Saint,Micheline.Saint@yopmail.com,87,24440,49271464058,48165653284
